google.com,error
youtube.com,error
tmall.com,error
Error: [Errno -5] No address associated with hostname
qq.com,error
Error: [Errno -5] No address associated with hostname
baidu.com,error
facebook.com,error
Error: [Errno -5] No address associated with hostname
sohu.com,error
Error: [Errno -2] Name or service not known
login.tmall.com,error
taobao.com,error
yahoo.com,error
Error: [Errno -5] No address associated with hostname
jd.com,error
wikipedia.org,error
Error: [Errno -5] No address associated with hostname
360.cn,error
Error: [Errno -5] No address associated with hostname
amazon.com,error
Error: [Errno -5] No address associated with hostname
sina.com.cn,error
pages.tmall.com,error
weibo.com,error
Error: [Errno -5] No address associated with hostname
live.com,error
reddit.com,error
Error: [Errno -5] No address associated with hostname
vk.com,error
okezone.com,error
xinhuanet.com,error
netflix.com,error
blogspot.com,error
Error: [Errno -5] No address associated with hostname
csdn.net,error
office.com,error
alipay.com,error
Error: [Errno -5] No address associated with hostname
yahoo.co.jp,error
instagram.com,error
Error: [Errno -5] No address associated with hostname
zhanqi.tv,error
Error: [Errno -5] No address associated with hostname
bongacams.com,error
Error: [Errno -5] No address associated with hostname
microsoftonline.com,error
Error: [Errno -5] No address associated with hostname
naver.com,error
Error: [Errno -5] No address associated with hostname
panda.tv,error
bing.com,error
google.com.hk,error
microsoft.com,error
Error: [Errno -5] No address associated with hostname
stackoverflow.com,error
Error: [Errno -5] No address associated with hostname
tribunnews.com,error
Error: [Errno -5] No address associated with hostname
livejasmin.com,error
Error: [Errno -5] No address associated with hostname
china.com.cn,error
Error: [Errno -5] No address associated with hostname
twitch.tv,error
google.co.in,error
Error: [Errno -5] No address associated with hostname
aliexpress.com,error
Error: [Errno -5] No address associated with hostname
ebay.com,error
Error: [Errno -5] No address associated with hostname
amazon.co.jp,error
Error: [Errno -5] No address associated with hostname
mama.cn,error
Error: [Errno -5] No address associated with hostname
twitter.com,error
Error: [Errno -5] No address associated with hostname
myshopify.com,error
Error: [Errno -5] No address associated with hostname
msn.com,error
Error: [Errno -3] Temporary failure in name resolution
tianya.cn,error
linkedin.com,error
Error: [Errno -5] No address associated with hostname
amazon.in,error
Error: [Errno -5] No address associated with hostname
ok.ru,error
adobe.com,error
yandex.ru,error
Error: [Errno -5] No address associated with hostname
pornhub.com,error
apple.com,error
Error: [Errno -5] No address associated with hostname
wordpress.com,error
dropbox.com,error
mail.ru,error
google.com.br,error
Error: [Errno -5] No address associated with hostname
sogou.com,error
whatsapp.com,error
Error: [Errno -5] No address associated with hostname
bilibili.com,error
Error: [Errno -5] No address associated with hostname
yy.com,error
Error: [Errno -2] Name or service not known
huanqiu.com,error
chaturbate.com,error
Error: [Errno -5] No address associated with hostname
trello.com,error
detail.tmall.com,error
Error: [Errno -5] No address associated with hostname
instructure.com,error
Error: [Errno -5] No address associated with hostname
imdb.com,error
medium.com,error
cnn.com,error
Error: [Errno -5] No address associated with hostname
aparat.com,error
Error: [Errno -5] No address associated with hostname
nytimes.com,error
Error: [Errno -5] No address associated with hostname
booking.com,error
Error: [Errno -5] No address associated with hostname
17ok.com,error
Error: [Errno -5] No address associated with hostname
xvideos.com,error
bbc.com,error
Error: [Errno -5] No address associated with hostname
detik.com,error
Error: [Errno -5] No address associated with hostname
amazonaws.com,error
google.co.jp,error
Error: [Errno -5] No address associated with hostname
indeed.com,error
spotify.com,error
Error: [Errno -5] No address associated with hostname
chase.com,error
google.cn,error
Error: [Errno -5] No address associated with hostname
grid.id,error
Error: [Errno -5] No address associated with hostname
ettoday.net,error
Error: [Errno -5] No address associated with hostname
tumblr.com,error
babytree.com,error
Error: [Errno -5] No address associated with hostname
kompas.com,error
Error: [Errno -5] No address associated with hostname
amazon.de,error
google.de,error
Error: [Errno -5] No address associated with hostname
amazon.co.uk,error
Error: [Errno -5] No address associated with hostname
pixnet.net,error
Error: [Errno -5] No address associated with hostname
hao123.com,error
Error: [Errno -5] No address associated with hostname
imgur.com,error
Error: [Errno -5] No address associated with hostname
1688.com,error
google.ru,error
Error: [Errno -5] No address associated with hostname
freepik.com,error
Error: [Errno -5] No address associated with hostname
stackexchange.com,error
Error: [Errno -5] No address associated with hostname
github.com,error
onlinesbi.com,error
bbc.co.uk,error
jrj.com.cn,error
google.es,error
google.fr,error
espn.com,error
Error: [Errno -5] No address associated with hostname
rakuten.co.jp,error
Error: [Errno -5] No address associated with hostname
theguardian.com,error
indiatimes.com,error
youm7.com,error
Error: [Errno -5] No address associated with hostname
soundcloud.com,error
Error: [Errno -5] No address associated with hostname
fandom.com,error
Error: [Errno -5] No address associated with hostname
quizlet.com,error
xhamster.com,error
Error: [Errno -5] No address associated with hostname
digikala.com,error
Error: [Errno -5] No address associated with hostname
thestartmagazine.com,error
Error: [Errno -5] No address associated with hostname
liputan6.com,error
google.it,error
Error: [Errno -5] No address associated with hostname
shutterstock.com,error
Error: [Errno -5] No address associated with hostname
nih.gov,error
Error: [Errno -5] No address associated with hostname
alibaba.com,error
Error: [Errno -5] No address associated with hostname
office365.com,error
Error: [Errno -5] No address associated with hostname
paypal.com,error
cnblogs.com,error
Error: [Errno -5] No address associated with hostname
flipkart.com,error
Error: [Errno -5] No address associated with hostname
wetransfer.com,error
google.com.tw,error
Error: [Errno -2] Name or service not known
yao.tmall.com,error
Error: [Errno -5] No address associated with hostname
6.cn,error
udemy.com,error
Error: [Errno -5] No address associated with hostname
slideshare.net,error
Error: [Errno -5] No address associated with hostname
intuit.com,error
Error: [Errno -5] No address associated with hostname
globo.com,error
Error: [Errno -5] No address associated with hostname
roblox.com,error
Error: [Errno -5] No address associated with hostname
discordapp.com,error
Error: [Errno -5] No address associated with hostname
mailchimp.com,error
uol.com.br,error
Error: [Errno -5] No address associated with hostname
iqoption.com,error
Error: [Errno -5] No address associated with hostname
zhihu.com,error
Error: [Errno -5] No address associated with hostname
gome.com.cn,error
google.com.mx,error
Error: [Errno -5] No address associated with hostname
etsy.com,error
Error: [Errno -5] No address associated with hostname
daum.net,error
gmw.cn,error
Error: [Errno -5] No address associated with hostname
walmart.com,error
Error: [Errno -5] No address associated with hostname
163.com,error
Error: [Errno -5] No address associated with hostname
researchgate.net,error
Error: [Errno -5] No address associated with hostname
mercadolivre.com.br,error
Error: [Errno -2] Name or service not known
soso.com,error
Error: [Errno -5] No address associated with hostname
okta.com,error
canva.com,error
Error: [Errno -5] No address associated with hostname
zendesk.com,error
google.com.tr,error
Error: [Errno -5] No address associated with hostname
ltn.com.tw,error
google.com.sg,error
google.co.uk,error
Error: [Errno -5] No address associated with hostname
pinterest.com,error
Error: [Errno -5] No address associated with hostname
cnet.com,error
savefrom.net,error
Error: [Errno -5] No address associated with hostname
bukalapak.com,error
Error: [Errno -5] No address associated with hostname
avito.ru,error
telegram.org,error
pixabay.com,error
Error: [Errno -5] No address associated with hostname
salesforce.com,error
Error: [Errno -5] No address associated with hostname
grammarly.com,error
Error: [Errno -5] No address associated with hostname
archive.org,error
Error: [Errno -5] No address associated with hostname
primevideo.com,error
Error: [Errno -5] No address associated with hostname
craigslist.org,error
Error: [Errno -5] No address associated with hostname
washingtonpost.com,error
Error: [Errno -5] No address associated with hostname
wikihow.com,error
sindonews.com,error
Error: [Errno -5] No address associated with hostname
zillow.com,error
Error: [Errno -5] No address associated with hostname
metropoles.com,error
abs-cbn.com,error
Error: [Errno -5] No address associated with hostname
varzesh3.com,error
Error: [Errno -2] Name or service not known
so.com,error
Error: [Errno -5] No address associated with hostname
duckduckgo.com,error
Error: [Errno -5] No address associated with hostname
rednet.cn,error
aliyun.com,error
Error: [Errno -5] No address associated with hostname
iqiyi.com,error
Error: [Errno -5] No address associated with hostname
force.com,error
Error: [Errno -5] No address associated with hostname
godaddy.com,error
Error: [Errno -5] No address associated with hostname
setn.com,error
Error: [Errno -5] No address associated with hostname
vimeo.com,error
Error: [Errno -5] No address associated with hostname
bet9ja.com,error
Error: [Errno -5] No address associated with hostname
mediafire.com,error
thepiratebay.org,error
Error: [Errno -5] No address associated with hostname
healthline.com,error
speedtest.net,error
google.com.eg,error
Error: [Errno -5] No address associated with hostname
forbes.com,error
Error: [Errno -5] No address associated with hostname
xnxx.com,error
Error: [Errno -5] No address associated with hostname
ebay.de,error
ladbible.com,error
y2mate.com,error
google.ca,error
Error: [Errno -5] No address associated with hostname
unsplash.com,error
Error: [Errno -5] No address associated with hostname
t.co,error
google.com.sa,error
Error: [Errno -5] No address associated with hostname
eastday.com,error
Error: [Errno -5] No address associated with hostname
wellsfargo.com,error
Error: [Errno -5] No address associated with hostname
scribd.com,error
Error: [Errno -5] No address associated with hostname
businessinsider.com,error
Error: [Errno -5] No address associated with hostname
w3schools.com,error
Error: [Errno -5] No address associated with hostname
jianshu.com,error
Error: [Errno -5] No address associated with hostname
tradingview.com,error
hdfcbank.com,error
3c.tmall.com,error
investing.com,error
redd.it,error
Error: [Errno -2] Name or service not known
nianhuo.tmall.com,error
Error: [Errno -5] No address associated with hostname
academia.edu,error
Error: [Errno -5] No address associated with hostname
gfycat.com,error
Error: [Errno -5] No address associated with hostname
scol.com.cn,error
taboola.com,error
Error: [Errno -5] No address associated with hostname
steamcommunity.com,error
youth.cn,error
albawabhnews.com,error
Error: [Errno -5] No address associated with hostname
momoshop.com.tw,error
Error: [Errno -5] No address associated with hostname
wix.com,error
Error: [Errno -2] Name or service not known
nvzhuang.tmall.com,error
Error: [Errno -5] No address associated with hostname
amazon.it,error
Error: [Errno -5] No address associated with hostname
bet365.com,error
google.com.ar,error
Error: [Errno -5] No address associated with hostname
cnbc.com,error
Error: [Errno -2] Name or service not known
uniqlo.tmall.com,error
Error: [Errno -5] No address associated with hostname
amazon.ca,error
ilovepdf.com,error
Error: [Errno -5] No address associated with hostname
ebc.net.tw,error
Error: [Errno -5] No address associated with hostname
quora.com,error
google.co.th,error
chouftv.ma,error
Error: [Errno -5] No address associated with hostname
postlnk.com,error
Error: [Errno -5] No address associated with hostname
icicibank.com,error
skype.com,error
Error: [Errno -5] No address associated with hostname
foxnews.com,error
Error: [Errno -5] No address associated with hostname
dailymotion.com,error
Error: [Errno -5] No address associated with hostname
manoramaonline.com,error
google.co.id,error
Error: [Errno -5] No address associated with hostname
patria.org.ve,error
thesaurus.com,error
ndtv.com,error
Error: [Errno -5] No address associated with hostname
aliexpress.ru,error
list.tmall.com,error
Error: [Errno -2] Name or service not known
food.tmall.com,error
Error: [Errno -5] No address associated with hostname
ask.com,error
Error: [Errno -2] Name or service not known
subject.tmall.com,error
Error: [Errno -5] No address associated with hostname
airbnb.com,error
Error: [Errno -5] No address associated with hostname
op.gg,error
Error: [Errno -5] No address associated with hostname
bestbuy.com,error
Error: [Errno -5] No address associated with hostname
arcgis.com,error
messenger.com,error
Error: [Errno -5] No address associated with hostname
douban.com,error
Error: [Errno -5] No address associated with hostname
namnak.com,error
Error: [Errno -5] No address associated with hostname
sciencedirect.com,error
Error: [Errno -5] No address associated with hostname
behance.net,error
Error: [Errno -5] No address associated with hostname
smallpdf.com,error
Error: [Errno -5] No address associated with hostname
amazon.es,error
Error: [Errno -5] No address associated with hostname
hulu.com,error
Error: [Errno -5] No address associated with hostname
slack.com,error
suara.com,error
Error: [Errno -5] No address associated with hostname
hotstar.com,error
Error: [Errno -5] No address associated with hostname
mozilla.org,error
Error: [Errno -5] No address associated with hostname
capitalone.com,error
Error: [Errno -5] No address associated with hostname
merdeka.com,error
weather.com,error
Error: [Errno -5] No address associated with hostname
shaparak.ir,error
Error: [Errno -5] No address associated with hostname
mercari.com,error
dailymail.co.uk,error
blogger.com,error
Error: [Errno -5] No address associated with hostname
sahibinden.com,error
Error: [Errno -5] No address associated with hostname
idntimes.com,error
Error: [Errno -5] No address associated with hostname
ebay.co.uk,error
alwafd.news,error
Error: [Errno -5] No address associated with hostname
weebly.com,error
Error: [Errno -5] No address associated with hostname
elbalad.news,error
googlevideo.com,error
Error: [Errno -5] No address associated with hostname
breitbart.com,error
Error: [Errno -5] No address associated with hostname
tripadvisor.com,error
Error: [Errno -5] No address associated with hostname
cricbuzz.com,error
kumparan.com,error
ikea.com,error
google.pl,error
Error: [Errno -5] No address associated with hostname
amazon.fr,error
Error: [Errno -5] No address associated with hostname
gamepedia.com,error
Error: [Errno -5] No address associated with hostname
lazada.sg,error
Error: [Errno -5] No address associated with hostname
cloudfront.net,error
intoday.in,error
Error: [Errno -5] No address associated with hostname
nicovideo.jp,error
Error: [Errno -5] No address associated with hostname
51sole.com,error
Error: [Errno -5] No address associated with hostname
tistory.com,error
Error: [Errno -5] No address associated with hostname
fc2.com,error
Error: [Errno -2] Name or service not known
51.la,error
Error: [Errno -5] No address associated with hostname
coinmarketcap.com,error
Error: [Errno -5] No address associated with hostname
fedex.com,error
Error: [Errno -5] No address associated with hostname
hootsuite.com,error
Error: [Errno -5] No address associated with hostname
softonic.com,error
Error: [Errno -5] No address associated with hostname
ups.com,error
Error: [Errno -5] No address associated with hostname
allegro.pl,error
Error: [Errno -5] No address associated with hostname
hurriyet.com.tr,error
Error: [Errno -5] No address associated with hostname
box.com,error
Error: [Errno -5] No address associated with hostname
ebay-kleinanzeigen.de,error
Error: [Errno -5] No address associated with hostname
chinadaily.com.cn,error
Error: [Errno -5] No address associated with hostname
telewebion.com,error
Error: [Errno -5] No address associated with hostname
cambridge.org,error
Error: [Errno -5] No address associated with hostname
gatustox.net,error
asos.com,error
Error: [Errno -5] No address associated with hostname
samsung.com,error
Error: [Errno -5] No address associated with hostname
sberbank.ru,error
Error: [Errno -5] No address associated with hostname
geeksforgeeks.org,error
zoom.us,error
Error: [Errno -5] No address associated with hostname
goodreads.com,error
google.co.kr,error
Error: [Errno -5] No address associated with hostname
line.me,error
Error: [Errno -5] No address associated with hostname
patch.com,error
Error: [Errno -2] Name or service not known
fadspms.com,error
Error: [Errno -5] No address associated with hostname
yts.mx,error
Error: [Errno -5] No address associated with hostname
amazon.cn,error
Error: [Errno -5] No address associated with hostname
reverso.net,error
ensonhaber.com,error
Error: [Errno -5] No address associated with hostname
n11.com,error
Error: [Errno -5] No address associated with hostname
pinimg.com,error
Error: [Errno -5] No address associated with hostname
twimg.com,error
Error: [Errno -5] No address associated with hostname
khanacademy.org,error
Error: [Errno -5] No address associated with hostname
bloomberg.com,error
dostor.org,error
Error: [Errno -2] Name or service not known
neiyi.tmall.com,error
Error: [Errno -5] No address associated with hostname
espncricinfo.com,error
wikimedia.org,error
Error: [Errno -5] No address associated with hostname
glassdoor.com,error
Error: [Errno -2] Name or service not known
14nuzznszbdp.com,error
Error: [Errno -5] No address associated with hostname
naukri.com,error
Error: [Errno -5] No address associated with hostname
rambler.ru,error
cnnindonesia.com,error
Error: [Errno -5] No address associated with hostname
hepsiburada.com,error
Error: [Errno -5] No address associated with hostname
blackboard.com,error
Error: [Errno -5] No address associated with hostname
onemboaran.com,error
kinopoisk.ru,error
Error: [Errno -5] No address associated with hostname
marketwatch.com,error
Error: [Errno -2] Name or service not known
od0gddq27wkk.com,error
Error: [Errno -5] No address associated with hostname
rt.com,error
Error: [Errno -5] No address associated with hostname
9gag.com,error
Error: [Errno -5] No address associated with hostname
indiamart.com,error
Error: [Errno -5] No address associated with hostname
dmm.co.jp,error
google.com.au,error
Error: [Errno -5] No address associated with hostname
kakao.com,error
t.me,error
google.gr,error
Error: [Errno -5] No address associated with hostname
divar.ir,error
Error: [Errno -5] No address associated with hostname
eventbrite.com,error
Error: [Errno -5] No address associated with hostname
homedepot.com,error
Error: [Errno -2] Name or service not known
spao.tmall.com,error
Error: [Errno -5] No address associated with hostname
kapanlagi.com,error
Error: [Errno -5] No address associated with hostname
wixsite.com,error
Error: [Errno -5] No address associated with hostname
souq.com,error
Error: [Errno -5] No address associated with hostname
who.int,error
Error: [Errno -5] No address associated with hostname
japanpost.jp,error
Error: [Errno -5] No address associated with hostname
mercadolibre.com.ar,error
investopedia.com,error
Error: [Errno -2] Name or service not known
la1dwne9cn5c.com,error
Error: [Errno -5] No address associated with hostname
gmx.net,error
Error: [Errno -5] No address associated with hostname
zoho.com,error
miao.tmall.com,error
irs.gov,error
Error: [Errno -5] No address associated with hostname
freelancer.com,error
google.com.vn,error
Error: [Errno -2] Name or service not known
gap.tmall.com,error
google.com.ua,error
Error: [Errno -5] No address associated with hostname
ouedkniss.com,error
Error: [Errno -5] No address associated with hostname
irctc.co.in,error
Error: [Errno -5] No address associated with hostname
pulzo.com,error
Error: [Errno -5] No address associated with hostname
fadskis.com,error
Error: [Errno -5] No address associated with hostname
ninisite.com,error
doubleclick.net,error
Error: [Errno -5] No address associated with hostname
surveymonkey.com,error
Error: [Errno -2] Name or service not known
myhome.tmall.com,error
Error: [Errno -5] No address associated with hostname
elwatannews.com,error
Error: [Errno -2] Name or service not known
crabsecret.tmall.com,error
Error: [Errno -5] No address associated with hostname
trustpilot.com,error
Error: [Errno -5] No address associated with hostname
fidelity.com,error
Error: [Errno -5] No address associated with hostname
youdao.com,error
Error: [Errno -5] No address associated with hostname
hp.com,error
Error: [Errno -5] No address associated with hostname
beytoote.com,error
Error: [Errno -5] No address associated with hostname
outbrain.com,error
Error: [Errno -2] Name or service not known
lee.tmall.com,error
Error: [Errno -5] No address associated with hostname
aol.com,error
Error: [Errno -5] No address associated with hostname
adp.com,error
Error: [Errno -5] No address associated with hostname
namasha.com,error
Error: [Errno -5] No address associated with hostname
tiktok.com,error
newstrend.news,error
Error: [Errno -5] No address associated with hostname
utorrent.com,error
Error: [Errno -5] No address associated with hostname
flaticon.com,error
Error: [Errno -5] No address associated with hostname
worldometers.info,error
Error: [Errno -5] No address associated with hostname
wsj.com,error
moneycontrol.com,error
genius.com,error
Error: [Errno -5] No address associated with hostname
deviantart.com,error
Error: [Errno -5] No address associated with hostname
dbs.com.sg,error
justdial.com,error
Error: [Errno -2] Name or service not known
err.tmall.com,error
Error: [Errno -5] No address associated with hostname
youporn.com,error
Error: [Errno -5] No address associated with hostname
buzzfeed.com,error
Error: [Errno -5] No address associated with hostname
uselnk.com,error
xfinity.com,error
Error: [Errno -2] Name or service not known
douyu.com,error
codepen.io,error
Error: [Errno -5] No address associated with hostname
104.com.tw,error
zerodha.com,error
Error: [Errno -5] No address associated with hostname
qoo10.sg,error
Error: [Errno -5] No address associated with hostname
mercadolibre.com.mx,error
prothomalo.com,error
Error: [Errno -5] No address associated with hostname
aminoapps.com,error
Error: [Errno -5] No address associated with hostname
gismeteo.ru,error
Error: [Errno -5] No address associated with hostname
prnt.sc,error
theepochtimes.com,error
Error: [Errno -2] Name or service not known
z48gntbbu9pl.com,error
youku.com,error
Error: [Errno -5] No address associated with hostname
banvenez.com,error
Error: [Errno -5] No address associated with hostname
gosuslugi.ru,error
Error: [Errno -5] No address associated with hostname
wildberries.ru,error
alodokter.com,error
Error: [Errno -5] No address associated with hostname
target.com,error
Error: [Errno -5] No address associated with hostname
files.wordpress.com,error
Error: [Errno -5] No address associated with hostname
ecosia.org,error
Error: [Errno -2] Name or service not known
trendingnow.video,error
Error: [Errno -5] No address associated with hostname
citi.com,error
Error: [Errno -5] No address associated with hostname
libero.it,error
Error: [Errno -5] No address associated with hostname
in.gr,error
Error: [Errno -5] No address associated with hostname
1337x.to,error
Error: [Errno -5] No address associated with hostname
emol.com,error
Error: [Errno -5] No address associated with hostname
wordreference.com,error
Error: [Errno -5] No address associated with hostname
livejournal.com,error
Error: [Errno -5] No address associated with hostname
shimo.im,error
spankbang.com,error
Error: [Errno -5] No address associated with hostname
fiverr.com,error
Error: [Errno -5] No address associated with hostname
bp.blogspot.com,error
gstatic.com,error
Error: [Errno -5] No address associated with hostname
udn.com,error
Error: [Errno -5] No address associated with hostname
coursera.org,error
Error: [Errno -5] No address associated with hostname
tutorialspoint.com,error
Error: [Errno -5] No address associated with hostname
vnexpress.net,error
Error: [Errno -5] No address associated with hostname
issuu.com,error
Error: [Errno -5] No address associated with hostname
popads.net,error
Error: [Errno -5] No address associated with hostname
realtor.com,error
sportbible.com,error
Error: [Errno -5] No address associated with hostname
squarespace.com,error
Error: [Errno -5] No address associated with hostname
expressvpn.com,error
elpais.com,error
otvfoco.com.br,error
sourceforge.net,error
Error: [Errno -5] No address associated with hostname
win-rar.com,error
Error: [Errno -2] Name or service not known
aimer.tmall.com,error
patreon.com,error
Error: [Errno -5] No address associated with hostname
td.com,error
Error: [Errno -5] No address associated with hostname
chegg.com,error
Error: [Errno -5] No address associated with hostname
oracle.com,error
Error: [Errno -5] No address associated with hostname
trendyol.com,error
Error: [Errno -5] No address associated with hostname
kompasiana.com,error
Error: [Errno -5] No address associated with hostname
yenisafak.com,error
Error: [Errno -5] No address associated with hostname
repubblica.it,error
Error: [Errno -5] No address associated with hostname
expedia.com,error
Error: [Errno -5] No address associated with hostname
giphy.com,error
Error: [Errno -5] No address associated with hostname
orange.fr,error
google.co.ve,error
Error: [Errno -5] No address associated with hostname
zippyshare.com,error
Error: [Errno -5] No address associated with hostname
reuters.com,error
Error: [Errno -5] No address associated with hostname
gsmarena.com,error
Error: [Errno -5] No address associated with hostname
hotmart.com,error
Error: [Errno -5] No address associated with hostname
norton.com,error
Error: [Errno -5] No address associated with hostname
ca.gov,error
Error: [Errno -5] No address associated with hostname
webmd.com,error
Error: [Errno -5] No address associated with hostname
heavy.com,error
Error: [Errno -5] No address associated with hostname
lun.com,error
namu.wiki,error
Error: [Errno -5] No address associated with hostname
onet.pl,error
Error: [Errno -5] No address associated with hostname
cdc.gov,error
81.cn,error
Error: [Errno -5] No address associated with hostname
steampowered.com,error
Error: [Errno -5] No address associated with hostname
shopee.tw,error
eksisozluk.com,error
Error: [Errno -5] No address associated with hostname
canada.ca,error
Error: [Errno -5] No address associated with hostname
filimo.com,error
Error: [Errno -5] No address associated with hostname
tokopedia.com,error
Error: [Errno -5] No address associated with hostname
tencent.com,error
Error: [Errno -5] No address associated with hostname
list-manage.com,error
Error: [Errno -5] No address associated with hostname
mathrubhumi.com,error
Error: [Errno -5] No address associated with hostname
mgid.com,error
tandfonline.com,error
infobae.com,error
rediff.com,error
Error: [Errno -5] No address associated with hostname
chess.com,error
Error: [Errno -5] No address associated with hostname
nownews.com,error
Error: [Errno -5] No address associated with hostname
haofang.net,error
wish.com,error
Error: [Errno -5] No address associated with hostname
prezi.com,error
Error: [Errno -5] No address associated with hostname
bankofamerica.com,error
Error: [Errno -5] No address associated with hostname
indiatoday.in,error
Error: [Errno -5] No address associated with hostname
taleo.net,error
Error: [Errno -5] No address associated with hostname
slickdeals.net,error
mileroticos.com,error
marca.com,error
Error: [Errno -5] No address associated with hostname
usatoday.com,error
Error: [Errno -5] No address associated with hostname
web.de,error
Error: [Errno -5] No address associated with hostname
duolingo.com,error
google.com.pk,error
inquirer.net,error
Error: [Errno -5] No address associated with hostname
wp.pl,error
Error: [Errno -5] No address associated with hostname
ameblo.jp,error
Error: [Errno -5] No address associated with hostname
chinaz.com,error
Error: [Errno -5] No address associated with hostname
go.com,error
Error: [Errno -5] No address associated with hostname
dell.com,error
Error: [Errno -5] No address associated with hostname
leboncoin.fr,error
Error: [Errno -2] Name or service not known
tonlion.tmall.com,error
Error: [Errno -5] No address associated with hostname
pixiv.net,error
Error: [Errno -5] No address associated with hostname
ivi.ru,error
rutracker.org,error
Error: [Errno -2] Name or service not known
segmentfault.com,error
fast.com,error
aksam.com.tr,error
Error: [Errno -5] No address associated with hostname
springer.com,error
Error: [Errno -5] No address associated with hostname
news18.com,error
Error: [Errno -5] No address associated with hostname
coupang.com,error
Error: [Errno -5] No address associated with hostname
memurlar.net,error
Error: [Errno -5] No address associated with hostname
myworkday.com,error
tahiamasr.com,error
Error: [Errno -5] No address associated with hostname
kaskus.co.id,error
dcard.tw,error
Error: [Errno -5] No address associated with hostname
istockphoto.com,error
deepl.com,error
Error: [Errno -5] No address associated with hostname
nypost.com,error
Error: [Errno -5] No address associated with hostname
medicalnewstoday.com,error
cnnic.cn,error
Error: [Errno -5] No address associated with hostname
coursehero.com,error
europa.eu,error
Error: [Errno -5] No address associated with hostname
bankmellat.ir,error
Error: [Errno -5] No address associated with hostname
mheducation.com,error
Error: [Errno -5] No address associated with hostname
focus.cn,error
google.com.co,error
Error: [Errno -2] Name or service not known
watch.tmall.com,error
sozcu.com.tr,error
Error: [Errno -5] No address associated with hostname
freshdesk.com,error
Error: [Errno -5] No address associated with hostname
tsetmc.com,error
Error: [Errno -5] No address associated with hostname
wayfair.com,error
Error: [Errno -5] No address associated with hostname
shopee.co.id,error
google.dz,error
Error: [Errno -5] No address associated with hostname
feedly.com,error
Error: [Errno -5] No address associated with hostname
milliyet.com.tr,error
Error: [Errno -5] No address associated with hostname
elsevier.com,error
alnaharegypt.com,error
Error: [Errno -5] No address associated with hostname
ebay.com.au,error
Error: [Errno -5] No address associated with hostname
rokna.net,error
Error: [Errno -5] No address associated with hostname
marriott.com,error
Error: [Errno -5] No address associated with hostname
pchome.com.tw,error
yandex.com.tr,error
Error: [Errno -5] No address associated with hostname
azure.com,error
Error: [Errno -5] No address associated with hostname
lifo.gr,error
mawdoo3.com,error
Error: [Errno -5] No address associated with hostname
ria.ru,error
Error: [Errno -5] No address associated with hostname
crunchyroll.com,error
google.co.za,error
Error: [Errno -5] No address associated with hostname
redtube.com,error
Error: [Errno -5] No address associated with hostname
klix.ba,error
Error: [Errno -5] No address associated with hostname
gmanetwork.com,error
merriam-webster.com,error
seznam.cz,error
Error: [Errno -5] No address associated with hostname
motor1.com,error
plurk.com,error
Error: [Errno -5] No address associated with hostname
motorsport.com,error
Error: [Errno -5] No address associated with hostname
meetup.com,error
Error: [Errno -5] No address associated with hostname
510hr.com,error
Error: [Errno -2] Name or service not known
langsha.tmall.com,error
google.cl,error
Error: [Errno -2] Name or service not known
jia.tmall.com,error
Error: [Errno -5] No address associated with hostname
accuweather.com,error
Error: [Errno -2] Name or service not known
efu.com.cn,error
Error: [Errno -5] No address associated with hostname
creditkarma.com,error
Error: [Errno -5] No address associated with hostname
theverge.com,error
Error: [Errno -5] No address associated with hostname
vidio.com,error
Error: [Errno -5] No address associated with hostname
webex.com,error
Error: [Errno -5] No address associated with hostname
agoda.com,error
mit.edu,error
Error: [Errno -5] No address associated with hostname
nbcnews.com,error
Error: [Errno -5] No address associated with hostname
tempo.co,error
Error: [Errno -2] Name or service not known
sonhoo.com,error
Error: [Errno -5] No address associated with hostname
wiley.com,error
Error: [Errno -5] No address associated with hostname
toutiao.com,error
Error: [Errno -5] No address associated with hostname
liansuo.com,error
Error: [Errno -2] Name or service not known
earthmusic.tmall.com,error
google.ro,error
Error: [Errno -5] No address associated with hostname
olx.ua,error
ouo.io,error
padlet.com,error
Error: [Errno -5] No address associated with hostname
ibicn.com,error
Error: [Errno -5] No address associated with hostname
autodesk.com,error
Error: [Errno -2] Name or service not known
nike.tmall.com,error
Error: [Errno -5] No address associated with hostname
nicsorts-accarade.com,error
enimerotiko.gr,error
Error: [Errno -5] No address associated with hostname
kissanime.ru,error
Error: [Errno -5] No address associated with hostname
stremanp.com,error
Error: [Errno -5] No address associated with hostname
olx.pl,error
Error: [Errno -5] No address associated with hostname
olx.com.br,error
Error: [Errno -5] No address associated with hostname
khabarfarsi.com,error
Error: [Errno -5] No address associated with hostname
wattpad.com,error
Error: [Errno -5] No address associated with hostname
cdninstagram.com,error
Error: [Errno -5] No address associated with hostname
xero.com,error
Error: [Errno -5] No address associated with hostname
yjc.ir,error
Error: [Errno -5] No address associated with hostname
ifeng.com,error
cnbcindonesia.com,error
Error: [Errno -5] No address associated with hostname
zing.vn,error
Error: [Errno -5] No address associated with hostname
yna.co.kr,error
Error: [Errno -5] No address associated with hostname
11st.co.kr,error
Error: [Errno -5] No address associated with hostname
makemytrip.com,error
Error: [Errno -5] No address associated with hostname
qualtrics.com,error
Error: [Errno -2] Name or service not known
scofield.tmall.com,error
Error: [Errno -5] No address associated with hostname
amazon.com.br,error
Error: [Errno -5] No address associated with hostname
bancodevenezuela.com,error
Error: [Errno -5] No address associated with hostname
techradar.com,error
Error: [Errno -5] No address associated with hostname
brilio.net,error
ytmp3.cc,error
huaban.com,error
airtable.com,error
Error: [Errno -5] No address associated with hostname
npr.org,error
Error: [Errno -5] No address associated with hostname
usps.com,error
Error: [Errno -5] No address associated with hostname
ptt.cc,error
Error: [Errno -5] No address associated with hostname
sarkariresult.com,error
Error: [Errno -5] No address associated with hostname
dagospia.com,error
hotels.com,error
elyamnelaraby.com,error
as.com,error
Error: [Errno -5] No address associated with hostname
blog.jp,error
spanishdict.com,error
Error: [Errno -5] No address associated with hostname
rarbg.to,error
Error: [Errno -5] No address associated with hostname
axisbank.co.in,error
Error: [Errno -2] Name or service not known
basichouse.tmall.com,error
Error: [Errno -5] No address associated with hostname
uptodown.com,error
Error: [Errno -5] No address associated with hostname
gamespot.com,error
Error: [Errno -5] No address associated with hostname
evernote.com,error
Error: [Errno -5] No address associated with hostname
disneyplus.com,error
Error: [Errno -5] No address associated with hostname
xianjichina.com,error
Error: [Errno -5] No address associated with hostname
ameritrade.com,error
yallakora.com,error
Error: [Errno -5] No address associated with hostname
herokuapp.com,error
Error: [Errno -5] No address associated with hostname
britannica.com,error
google.com.pe,error
google.az,error
Error: [Errno -5] No address associated with hostname
bolasport.com,error
Error: [Errno -5] No address associated with hostname
crptgate.com,error
Error: [Errno -5] No address associated with hostname
cnki.net,error
Error: [Errno -5] No address associated with hostname
mfisp.com,error
Error: [Errno -5] No address associated with hostname
myworkdayjobs.com,error
Error: [Errno -5] No address associated with hostname
uchi.ru,error
sdamgia.ru,error
Error: [Errno -5] No address associated with hostname
rezka.ag,error
Error: [Errno -2] Name or service not known
qiannaimei.tmall.com,error
nikkei.com,error
Error: [Errno -5] No address associated with hostname
epicgames.com,error
Error: [Errno -5] No address associated with hostname
gmarket.co.kr,error
Error: [Errno -5] No address associated with hostname
bhphotovideo.com,error
Error: [Errno -5] No address associated with hostname
myway.com,error
Error: [Errno -5] No address associated with hostname
concursolutions.com,error
Error: [Errno -5] No address associated with hostname
auction.co.kr,error
Error: [Errno -5] No address associated with hostname
etrade.com,error
pandora.com,error
Error: [Errno -2] Name or service not known
threegun.tmall.com,error
Error: [Errno -2] Name or service not known
bershka.tmall.com,error
dictionary.com,error
Error: [Errno -5] No address associated with hostname
ceconline.com,error
Error: [Errno -5] No address associated with hostname
wondershare.com,error
Error: [Errno -5] No address associated with hostname
360doc.com,error
Error: [Errno -5] No address associated with hostname
wordpress.org,error
Error: [Errno -5] No address associated with hostname
sputniknews.com,error
Error: [Errno -5] No address associated with hostname
study.com,error
Error: [Errno -5] No address associated with hostname
shopify.com,error
Error: [Errno -5] No address associated with hostname
ih5.cn,error
google.be,error
Error: [Errno -5] No address associated with hostname
borna.news,error
Error: [Errno -5] No address associated with hostname
chron.com,error
turkiye.gov.tr,error
Error: [Errno -5] No address associated with hostname
baike.com,error
Error: [Errno -2] Name or service not known
dai.tmall.com,error
Error: [Errno -2] Name or service not known
car.tmall.com,error
Error: [Errno -5] No address associated with hostname
att.com,error
Error: [Errno -5] No address associated with hostname
timeanddate.com,error
Error: [Errno -5] No address associated with hostname
atlassian.net,error
Error: [Errno -5] No address associated with hostname
gusuwang.com,error
Error: [Errno -5] No address associated with hostname
kooora.com,error
Error: [Errno -5] No address associated with hostname
umeng.com,error
Error: [Errno -5] No address associated with hostname
asriran.com,error
Error: [Errno -5] No address associated with hostname
dmm.com,error
yeniakit.com.tr,error
mega.nz,error
Error: [Errno -5] No address associated with hostname
kundelik.kz,error
Error: [Errno -5] No address associated with hostname
epfindia.gov.in,error
Error: [Errno -5] No address associated with hostname
lenta.ru,error
Error: [Errno -2] Name or service not known
hollisterco.tmall.com,error
Error: [Errno -5] No address associated with hostname
dalfak.com,error
hubspot.com,error
Error: [Errno -5] No address associated with hostname
goo.ne.jp,error
Error: [Errno -5] No address associated with hostname
huffpost.com,error
Error: [Errno -5] No address associated with hostname
mofidonline.com,error
eastmoney.com,error
Error: [Errno -5] No address associated with hostname
banggood.com,error
google.com.my,error
Error: [Errno -2] Name or service not known
lachapelle.tmall.com,error
Error: [Errno -5] No address associated with hostname
zomato.com,error
Error: [Errno -5] No address associated with hostname
agah.com,error
Error: [Errno -5] No address associated with hostname
uidai.gov.in,error
Error: [Errno -5] No address associated with hostname
kitco.com,error
Error: [Errno -5] No address associated with hostname
smartsheet.com,error
Error: [Errno -5] No address associated with hostname
schwab.com,error
Error: [Errno -5] No address associated with hostname
yelp.com,error
harvard.edu,error
Error: [Errno -5] No address associated with hostname
zhaopin.com,error
Error: [Errno -5] No address associated with hostname
ign.com,error
Error: [Errno -5] No address associated with hostname
entrepreneur.com,error
Error: [Errno -5] No address associated with hostname
jamnews.com,error
Error: [Errno -5] No address associated with hostname
elintransigente.com,error
Error: [Errno -5] No address associated with hostname
chaoxing.com,error
Error: [Errno -2] Name or service not known
ku.tmall.com,error
ibm.com,error
Error: [Errno -5] No address associated with hostname
depositphotos.com,error
Error: [Errno -5] No address associated with hostname
leagueoflegends.com,error
Error: [Errno -5] No address associated with hostname
argaam.com,error
Error: [Errno -5] No address associated with hostname
nur.kz,error
Error: [Errno -5] No address associated with hostname
livedoor.jp,error
Error: [Errno -5] No address associated with hostname
runoob.com,error
Error: [Errno -5] No address associated with hostname
bitly.com,error
Error: [Errno -2] Name or service not known
nvxie.tmall.com,error
hm.com,error
Error: [Errno -5] No address associated with hostname
corriere.it,error
Error: [Errno -5] No address associated with hostname
uzone.id,error
Error: [Errno -5] No address associated with hostname
livescore.com,error
Error: [Errno -5] No address associated with hostname
cpic.com.cn,error
Error: [Errno -5] No address associated with hostname
nba.com,error
Error: [Errno -5] No address associated with hostname
akamaized.net,error
Error: [Errno -5] No address associated with hostname
playstation.com,error
Error: [Errno -2] Name or service not known
gucn.tmall.com,error
Error: [Errno -5] No address associated with hostname
payu.in,error
Error: [Errno -5] No address associated with hostname
emofid.com,error
Error: [Errno -2] Name or service not known
maniform.tmall.com,error
Error: [Errno -5] No address associated with hostname
ekaie.com,error
Error: [Errno -2] Name or service not known
iyiou.com,error
Error: [Errno -2] Name or service not known
newbalance.tmall.com,error
Error: [Errno -5] No address associated with hostname
aofex.com,error
Error: [Errno -5] No address associated with hostname
kijiji.ca,error
Error: [Errno -2] Name or service not known
anta.tmall.com,error
Error: [Errno -2] Name or service not known
lining.tmall.com,error
Error: [Errno -5] No address associated with hostname
gamersky.com,error
Error: [Errno -5] No address associated with hostname
usnews.com,error
Error: [Errno -5] No address associated with hostname
upwork.com,error
Error: [Errno -2] Name or service not known
calvinklein.tmall.com,error
Error: [Errno -5] No address associated with hostname
discogs.com,error
Error: [Errno -5] No address associated with hostname
house365.com,error
Error: [Errno -5] No address associated with hostname
superuser.com,error
Error: [Errno -5] No address associated with hostname
animeflv.net,error
Error: [Errno -2] Name or service not known
gainreel.tmall.com,error
Error: [Errno -5] No address associated with hostname
royalbank.com,error
Error: [Errno -2] Name or service not known
cnbeta.com,error
Error: [Errno -5] No address associated with hostname
hatenablog.com,error
Error: [Errno -2] Name or service not known
bag.tmall.com,error
Error: [Errno -2] Name or service not known
fairwhale.tmall.com,error
Error: [Errno -5] No address associated with hostname
91jm.com,error
Error: [Errno -5] No address associated with hostname
drom.ru,error
skroutz.gr,error
Error: [Errno -5] No address associated with hostname
farsnews.ir,error
Error: [Errno -5] No address associated with hostname
mynet.com,error
wiktionary.org,error
Error: [Errno -5] No address associated with hostname
spiegel.de,error
Error: [Errno -5] No address associated with hostname
it168.com,error
kayak.com,error
google.ch,error
Error: [Errno -5] No address associated with hostname
osskanger.com,error
Error: [Errno -5] No address associated with hostname
mayoclinic.org,error
Error: [Errno -2] Name or service not known
jb51.net,error
Error: [Errno -5] No address associated with hostname
lenovo.com,error
Error: [Errno -3] Temporary failure in name resolution
intentmedia.net,error
Error: [Errno -5] No address associated with hostname
hqq.tv,error
Error: [Errno -5] No address associated with hostname
urdupoint.com,error
Error: [Errno -5] No address associated with hostname
service-now.com,error
Error: [Errno -5] No address associated with hostname
winshang.com,error
Error: [Errno -5] No address associated with hostname
hawaaworld.com,error
Error: [Errno -5] No address associated with hostname
mlb.com,error
google.ae,error
cisco.com,error
Error: [Errno -5] No address associated with hostname
jooble.org,error
google.pt,error
Error: [Errno -2] Name or service not known
honeys.tmall.com,error
Error: [Errno -5] No address associated with hostname
ozon.ru,error
elmundo.es,error
Error: [Errno -5] No address associated with hostname
dnevnik.ru,error
zara.com,error
freejobalert.com,error
Error: [Errno -5] No address associated with hostname
shopee.vn,error
Error: [Errno -5] No address associated with hostname
asus.com,error
Error: [Errno -2] Name or service not known
mi.com,error
Error: [Errno -5] No address associated with hostname
gamer.com.tw,error
billdesk.com,error
Error: [Errno -5] No address associated with hostname
xe.com,error
Error: [Errno -2] Name or service not known
discoveryexpedition.tmall.com,error
Error: [Errno -2] Name or service not known
nanzhuang.tmall.com,error
Error: [Errno -5] No address associated with hostname
americanexpress.com,error
biblegateway.com,error
Error: [Errno -5] No address associated with hostname
smzdm.com,error
tueren-fachhandel.de,error
Error: [Errno -5] No address associated with hostname
friv.com,error
Error: [Errno -5] No address associated with hostname
flickr.com,error
gds.it,error
Error: [Errno -5] No address associated with hostname
t-online.de,error
Error: [Errno -5] No address associated with hostname
bmi.ir,error
Error: [Errno -5] No address associated with hostname
kknews.cc,error
online-convert.com,error
vseigru.net,error
ukr.net,error
Error: [Errno -5] No address associated with hostname
verizonwireless.com,error
Error: [Errno -5] No address associated with hostname
mufg.jp,error
Error: [Errno -5] No address associated with hostname
custhelp.com,error
Error: [Errno -5] No address associated with hostname
312168.com,error
tgju.org,error
Error: [Errno -5] No address associated with hostname
52pojie.cn,error
drudgereport.com,error
Error: [Errno -5] No address associated with hostname
wp.com,error
Error: [Errno -2] Name or service not known
shouji.tmall.com,error
Error: [Errno -5] No address associated with hostname
caixa.gov.br,error
Error: [Errno -5] No address associated with hostname
epwk.com,error
Error: [Errno -5] No address associated with hostname
americanas.com.br,error
5ch.net,error
newtalk.tw,error
58.com,error
Error: [Errno -5] No address associated with hostname
wowhead.com,error
Error: [Errno -2] Name or service not known
peacebird.tmall.com,error
Error: [Errno -5] No address associated with hostname
fivethirtyeight.com,error
Error: [Errno -5] No address associated with hostname
w3school.com.cn,error
Error: [Errno -5] No address associated with hostname
126.com,error
Error: [Errno -2] Name or service not known
baby.tmall.com,error
Error: [Errno -5] No address associated with hostname
dw.com,error
Error: [Errno -2] Name or service not known
semir.tmall.com,error
Error: [Errno -5] No address associated with hostname
nhk.or.jp,error
Error: [Errno -5] No address associated with hostname
sf-express.com,error
Error: [Errno -5] No address associated with hostname
over-blog.com,error
Error: [Errno -2] Name or service not known
eland.tmall.com,error
Error: [Errno -5] No address associated with hostname
hh.ru,error
hamariweb.com,error
Error: [Errno -5] No address associated with hostname
banma.com,error
hespress.com,error
Error: [Errno -5] No address associated with hostname
duba.com,error
Error: [Errno -5] No address associated with hostname
donya-e-eqtesad.com,error
Error: [Errno -5] No address associated with hostname
123rf.com,error
Error: [Errno -5] No address associated with hostname
joins.com,error
Error: [Errno -5] No address associated with hostname
seasonvar.ru,error
Error: [Errno -5] No address associated with hostname
inc.com,error
Error: [Errno -5] No address associated with hostname
aljazeera.com,error
Error: [Errno -5] No address associated with hostname
isna.ir,error
Error: [Errno -5] No address associated with hostname
sparknotes.com,error
Error: [Errno -2] Name or service not known
it.tmall.com,error
Error: [Errno -5] No address associated with hostname
howtogeek.com,error
Error: [Errno -2] Name or service not known
septwolves.tmall.com,error
Error: [Errno -5] No address associated with hostname
sporx.com,error
Error: [Errno -5] No address associated with hostname
zougla.gr,error
Error: [Errno -2] Name or service not known
kolonsport.tmall.com,error
google.nl,error
Error: [Errno -5] No address associated with hostname
hi.ru,error
Error: [Errno -2] Name or service not known
forever21.tmall.com,error
Error: [Errno -5] No address associated with hostname
dafont.com,error
dawn.com,error
manyvids.com,error
Error: [Errno -5] No address associated with hostname
storm.mg,error
Error: [Errno -5] No address associated with hostname
farfetch.com,error
Error: [Errno -5] No address associated with hostname
bzw315.com,error
Error: [Errno -2] Name or service not known
chinachugui.com,error
sdpnoticias.com,error
Error: [Errno -5] No address associated with hostname
live.net,error
Error: [Errno -5] No address associated with hostname
ytimg.com,error
Error: [Errno -5] No address associated with hostname
www.gob.mx,error
free.fr,error
Error: [Errno -5] No address associated with hostname
discover.com,error
Error: [Errno -5] No address associated with hostname
nairaland.com,error
Error: [Errno -5] No address associated with hostname
nate.com,error
Error: [Errno -2] Name or service not known
sports.tmall.com,error
ziprecruiter.com,error
ojooo.com,error
Error: [Errno -5] No address associated with hostname
2m.ma,error
Error: [Errno -5] No address associated with hostname
amazon.com.au,error
Error: [Errno -5] No address associated with hostname
figma.com,error
Error: [Errno -5] No address associated with hostname
nta.go.jp,error
Error: [Errno -5] No address associated with hostname
myanimelist.net,error
Error: [Errno -2] Name or service not known
dickies.tmall.com,error
Error: [Errno -2] Name or service not known
marksandspencer.tmall.com,error
portaldoholanda.com.br,error
Error: [Errno -5] No address associated with hostname
ultimate-guitar.com,error
cookpad.com,error
Error: [Errno -5] No address associated with hostname
teacherspayteachers.com,error
Error: [Errno -5] No address associated with hostname
nyaa.si,error
westernjournal.com,error
Error: [Errno -5] No address associated with hostname
haberturk.com,error
Error: [Errno -5] No address associated with hostname
alicdn.com,error
Error: [Errno -5] No address associated with hostname
torob.com,error
Error: [Errno -5] No address associated with hostname
chosun.com,error
zhibo8.cc,error
Error: [Errno -5] No address associated with hostname
cengage.com,error
sabq.org,error
gaana.com,error
Error: [Errno -5] No address associated with hostname
360.com,error
Error: [Errno -5] No address associated with hostname
uber.com,error
pngtree.com,error
Error: [Errno -5] No address associated with hostname
jw.org,error
Error: [Errno -5] No address associated with hostname
shomanews.com,error
Error: [Errno -5] No address associated with hostname
addthis.com,error
Error: [Errno -5] No address associated with hostname
ynet.co.il,error
Error: [Errno -2] Name or service not known
esprit.tmall.com,error
google.at,error
Error: [Errno -2] Name or service not known
urfs.tmall.com,error
beeg.com,error
css-tricks.com,error
Error: [Errno -2] Name or service not known
dytt8.net,error
Error: [Errno -5] No address associated with hostname
bild.de,error
Error: [Errno -5] No address associated with hostname
iherb.com,error
Error: [Errno -5] No address associated with hostname
aastocks.com,error
Error: [Errno -5] No address associated with hostname
engadget.com,error
Error: [Errno -2] Name or service not known
chinamenwang.com,error
indosport.com,error
Error: [Errno -5] No address associated with hostname
gotowebinar.com,error
livemint.com,error
Error: [Errno -5] No address associated with hostname
bola.net,error
Error: [Errno -5] No address associated with hostname
neobux.com,error
Error: [Errno -2] Name or service not known
imis.tmall.com,error
Error: [Errno -2] Name or service not known
jackjones.tmall.com,error
multiurok.ru,error
Error: [Errno -5] No address associated with hostname
sincenturypro.pro,error
viva.co.id,error
Error: [Errno -5] No address associated with hostname
dcinside.com,error
Error: [Errno -5] No address associated with hostname
championat.com,error
Error: [Errno -2] Name or service not known
triumph.tmall.com,error
apkpure.com,error
Error: [Errno -5] No address associated with hostname
eenadu.net,error
teamviewer.com,error
Error: [Errno -5] No address associated with hostname
vectorstock.com,error
state.gov,error
Error: [Errno -5] No address associated with hostname
sabah.com.tr,error
Error: [Errno -5] No address associated with hostname
zol.com.cn,error
Error: [Errno -5] No address associated with hostname
mercadolibre.com.ve,error
Error: [Errno -5] No address associated with hostname
fararu.com,error
Error: [Errno -5] No address associated with hostname
banesconline.com,error
pantip.com,error
Error: [Errno -5] No address associated with hostname
ansa.it,error
Error: [Errno -3] Temporary failure in name resolution
incometaxindiaefiling.gov.in,error
Error: [Errno -5] No address associated with hostname
y8.com,error
Error: [Errno -2] Name or service not known
jeanswest.tmall.com,error
Error: [Errno -5] No address associated with hostname
cyberleninka.ru,error
history.com,error
Error: [Errno -5] No address associated with hostname
haberler.com,error
Error: [Errno -5] No address associated with hostname
soft98.ir,error
Error: [Errno -5] No address associated with hostname
premierleague.com,error
Error: [Errno -5] No address associated with hostname
kemdikbud.go.id,error
Error: [Errno -5] No address associated with hostname
sbrf.ru,error
Error: [Errno -5] No address associated with hostname
nhentai.net,error
Error: [Errno -5] No address associated with hostname
3dmgame.com,error
lefigaro.fr,error
Error: [Errno -5] No address associated with hostname
pcbaby.com.cn,error
Error: [Errno -5] No address associated with hostname
cna.com.tw,error
Error: [Errno -5] No address associated with hostname
9384.com,error
semanticscholar.org,error
pelisplus.me,error
Error: [Errno -5] No address associated with hostname
ssc.nic.in,error
Error: [Errno -5] No address associated with hostname
newegg.com,error
Error: [Errno -2] Name or service not known
book.tmall.com,error
Error: [Errno -5] No address associated with hostname
gazetaexpress.com,error
Error: [Errno -5] No address associated with hostname
thejakartapost.com,error
Error: [Errno -2] Name or service not known
new3c.tmall.com,error
Error: [Errno -5] No address associated with hostname
tapd.cn,error
Error: [Errno -5] No address associated with hostname
goal.com,error
edh.tw,error
Error: [Errno -5] No address associated with hostname
narcity.com,error
Error: [Errno -5] No address associated with hostname
rbc.ru,error
Error: [Errno -5] No address associated with hostname
pearsoned.com,error
Error: [Errno -5] No address associated with hostname
chinanetrank.com,error
Error: [Errno -2] Name or service not known
zhcw.com,error
Error: [Errno -5] No address associated with hostname
thefreedictionary.com,error
Error: [Errno -2] Name or service not known
topshop.tmall.com,error
Error: [Errno -5] No address associated with hostname
sauwoaptain.com,error
Error: [Errno -5] No address associated with hostname
khabaronline.ir,error
Error: [Errno -5] No address associated with hostname
news.com.au,error
Error: [Errno -5] No address associated with hostname
bandcamp.com,error
Error: [Errno -5] No address associated with hostname
tasnimnews.com,error
Error: [Errno -5] No address associated with hostname
interia.pl,error
Error: [Errno -5] No address associated with hostname
ticketmaster.com,error
Error: [Errno -2] Name or service not known
chaduo.com,error
Error: [Errno -5] No address associated with hostname
subscene.com,error
Error: [Errno -5] No address associated with hostname
dreamstime.com,error
Error: [Errno -5] No address associated with hostname
cmoney.tw,error
Error: [Errno -5] No address associated with hostname
audible.com,error
Error: [Errno -5] No address associated with hostname
sci-hub.tw,error
mobile.de,error
Error: [Errno -2] Name or service not known
jia400.com,error
wunderground.com,error
Error: [Errno -5] No address associated with hostname
shopee.com.my,error
axisbank.com,error
Error: [Errno -5] No address associated with hostname
theatlantic.com,error
