microsoftonline.com,no response
panda.tv,no response
tianya.cn,no response
17ok.com,no response
gome.com.cn,no response
telegram.org,no response
gfycat.com,no response
steamcommunity.com,1460,80
patria.org.ve,no response
shaparak.ir,no response
cloudfront.net,no response
fadspms.com,no response
twimg.com,no response
14nuzznszbdp.com,no response
od0gddq27wkk.com,no response
t.me,no response
wixsite.com,no response
japanpost.jp,no response
la1dwne9cn5c.com,no response
z48gntbbu9pl.com,no response
trendingnow.video,no response
bp.blogspot.com,no response
tsetmc.com,no response
510hr.com,no response
efu.com.cn,no response
sonhoo.com,no response
liansuo.com,no response
cdninstagram.com,no response
rarbg.to,no response
axisbank.co.in,no response
xianjichina.com,no response
myworkdayjobs.com,no response
mega.nz,1460,443
eastmoney.com,1460,80
jamnews.com,1460,22
cpic.com.cn,no response
akamaized.net,no response
cnbeta.com,no response
91jm.com,no response
jb51.net,no response
intentmedia.net,no response
bmi.ir,no response
mufg.jp,no response
custhelp.com,no response
nhk.or.jp,no response
banma.com,no response
live.net,no response
ytimg.com,no response
nta.go.jp,no response
alicdn.com,no response
banesconline.com,no response
incometaxindiaefiling.gov.in,no response
9384.com,no response
pelisplus.me,no response
chinanetrank.com,no response
chaduo.com,no response
